epoch,steps,accuracy
1.0,586,0.7111324376199616
1.0,586,0.6986564299424184
1.0,586,0.7159309021113244
1.0,586,0.7130518234165067
